#,Company,Symbol,Weight,Ă‚Â Ă‚Â Ă‚Â Ă‚Â Ă‚Â Ă‚Â Price,Chg,% Chg
1,Nvidia,NVDA,0.0712,Ă‚Â Ă‚Â 172.70,-5.86,-0.032799999999999996
2,Apple Inc.,AAPL,0.061799999999999994,Ă‚Â Ă‚Â 247.99,-0.97,-0.0039000000000000003
3,Microsoft,MSFT,0.0481,Ă‚Â Ă‚Â 381.87,-7.15,-0.0184
4,Amazon,AMZN,0.0374,Ă‚Â Ă‚Â 205.37,-3.39,-0.016200000000000003
5,Alphabet Inc. (Class A),GOOGL,0.032,Ă‚Â Ă‚Â 301.00,-6.13,-0.02
6,Alphabet Inc. (Class C),GOOG,0.0296,Ă‚Â Ă‚Â 298.79,-6.94,-0.0227
7,Meta Platforms,META,0.0255,Ă‚Â Ă‚Â 593.66,-13.04,-0.0215
8,Broadcom,AVGO,0.025,Ă‚Â Ă‚Â 310.51,-9.33,-0.0292
9,"Tesla, Inc.",TSLA,0.023399999999999997,Ă‚Â Ă‚Â 367.96,-12.34,-0.032400000000000005
10,Berkshire Hathaway,BRK-B,0.0176,Ă‚Â Ă‚Â 480.94,-0.54,-0.0011
11,Walmart,WMT,0.0161,Ă‚Â Ă‚Â 119.02,-2.07,-0.0171
12,Lilly (Eli),LLY,0.0137,Ă‚Â Ă‚Â 906.70,-10.8,-0.0118
13,JPMorgan Chase,JPM,0.0131,Ă‚Â Ă‚Â 286.56,-1.41,-0.0049
14,ExxonMobil,XOM,0.0113,Ă‚Â Ă‚Â 159.67,1.51,-0.0095
15,Visa Inc.,V,0.0098,Ă‚Â Ă‚Â 301.62,1.91,-0.0064
16,Johnson & Johnson,JNJ,0.0096,Ă‚Â Ă‚Â 235.37,-2.23,-0.009399999999999999
17,Micron Technology,MU,0.008100000000000001,Ă‚Â Ă‚Â 422.90,-21.37,-0.0481
18,Mastercard,MA,0.0075,Ă‚Â Ă‚Â 496.32,5.18,-0.0105
19,Costco,COST,0.0073,Ă‚Â Ă‚Â 972.33,-2.45,-0.0025
20,Oracle Corporation,ORCL,0.0073,Ă‚Â Ă‚Â 149.68,-5.84,-0.037599999999999995
21,Chevron Corporation,CVX,0.0068000000000000005,Ă‚Â Ă‚Â 201.73,0.29,-0.0014000000000000002
22,Netflix,NFLX,0.0066,Ă‚Â Ă‚Â 91.82,0.08,-0.0009
23,AbbVie,ABBV,0.0062,Ă‚Â Ă‚Â 205.07,-1.16,-0.005600000000000001
24,Palantir Technologies,PLTR,0.0060999999999999995,Ă‚Â Ă‚Â 150.68,-5.0,-0.0321
25,Bank of America,BAC,0.005699999999999999,Ă‚Â Ă‚Â 47.16,0.15,-0.0032
26,Procter & Gamble,PG,0.005699999999999999,Ă‚Â Ă‚Â 144.28,-0.56,-0.0039000000000000003
27,Advanced Micro Devices,AMD,0.005600000000000001,Ă‚Â Ă‚Â 201.33,-3.94,-0.0192
28,Coca-Cola Company (The),KO,0.0055000000000000005,Ă‚Â Ă‚Â 74.75,-0.8,-0.0106
29,Home Depot (The),HD,0.0054,Ă‚Â Ă‚Â 320.75,-7.46,-0.0227
30,Caterpillar Inc.,CAT,0.0054,Ă‚Â Ă‚Â 680.88,-7.77,-0.0113
31,Cisco,CSCO,0.0052,Ă‚Â Ă‚Â 77.65,-0.86,-0.011000000000000001
32,GE Aerospace,GE,0.0051,Ă‚Â Ă‚Â 286.79,-4.82,-0.0165
33,Lam Research,LRCX,0.0048,Ă‚Â Ă‚Â 228.36,-5.63,-0.0241
34,Applied Materials,AMAT,0.0048,Ă‚Â Ă‚Â 357.06,-0.15,-0.0004
35,Merck & Co.,MRK,0.0048,Ă‚Â Ă‚Â 114.18,-0.02,-0.0002
36,RTX Corporation,RTX,0.0045000000000000005,Ă‚Â Ă‚Â 198.16,-2.57,-0.0128
37,Morgan Stanley,MS,0.0044,Ă‚Â Ă‚Â 161.47,2.92,-0.0184
38,Philip Morris International,PM,0.0043,Ă‚Â Ă‚Â 163.11,-0.26,-0.0016
39,UnitedHealth Group,UNH,0.0042,Ă‚Â Ă‚Â 275.59,-4.85,-0.0173
40,Goldman Sachs,GS,0.0040999999999999995,Ă‚Â Ă‚Â 813.53,4.03,-0.005
41,Wells Fargo,WFC,0.0040999999999999995,Ă‚Â Ă‚Â 77.60,1.21,-0.0158
42,T-Mobile US,TMUS,0.0039000000000000003,Ă‚Â Ă‚Â 208.47,1.88,-0.0091
43,GE Vernova,GEV,0.0039000000000000003,Ă‚Â Ă‚Â 851.07,-26.32,-0.03
44,IBM,IBM,0.0039000000000000003,Ă‚Â Ă‚Â 241.77,-8.6,-0.034300000000000004
45,Linde plc,LIN,0.0038,Ă‚Â Ă‚Â 488.15,-1.65,-0.0034000000000000002
46,McDonald's,MCD,0.0037,Ă‚Â Ă‚Â 308.85,-0.73,-0.0024
47,Intel,INTC,0.0037,Ă‚Â Ă‚Â 43.87,-2.31,-0.05
48,Verizon,VZ,0.0036,Ă‚Â Ă‚Â 49.98,0.5,-0.0101
49,PepsiCo,PEP,0.0034999999999999996,Ă‚Â Ă‚Â 150.04,-2.7,-0.0177
50,American Express,AXP,0.0034000000000000002,Ă‚Â Ă‚Â 295.50,0.57,-0.0019
51,AT&T,T,0.0034000000000000002,Ă‚Â Ă‚Â 28.31,0.57,-0.020499999999999997
52,KLA Corporation,KLAC,0.0033,Ă‚Â Ă‚Â 1498.67,-12.85,-0.0085
53,Citigroup,C,0.0033,Ă‚Â Ă‚Â 109.52,-0.33,-0.003
54,Amgen,AMGN,0.0032,Ă‚Â Ă‚Â 347.80,-2.12,-0.0060999999999999995
55,NextEra Energy,NEE,0.0032,Ă‚Â Ă‚Â 89.50,-2.91,-0.0315
56,Abbott Laboratories,ABT,0.0031,Ă‚Â Ă‚Â 105.46,-1.73,-0.0161
57,Salesforce,CRM,0.0031,Ă‚Â Ă‚Â 195.38,0.39,-0.002
58,Walt Disney Company (The),DIS,0.003,Ă‚Â Ă‚Â 99.51,0.31,-0.0031
59,Thermo Fisher Scientific,TMO,0.003,Ă‚Â Ă‚Â 474.39,4.18,-0.0089
60,TJX Companies,TJX,0.0029,Ă‚Â Ă‚Â 154.98,0.3,-0.0019
61,Texas Instruments,TXN,0.0029,Ă‚Â Ă‚Â 187.19,-1.1,-0.0058
62,Gilead Sciences,GILD,0.0029,Ă‚Â Ă‚Â 137.21,-3.9,-0.0276
63,Intuitive Surgical,ISRG,0.0029,Ă‚Â Ă‚Â 477.97,-1.96,-0.0040999999999999995
64,Charles Schwab Corporation,SCHW,0.0028000000000000004,Ă‚Â Ă‚Â 94.66,0.67,-0.0070999999999999995
65,Arista Networks,ANET,0.0028000000000000004,Ă‚Â Ă‚Â 131.22,-5.04,-0.037000000000000005
66,Amphenol,APH,0.0026,Ă‚Â Ă‚Â 126.74,-3.91,-0.029900000000000003
67,ConocoPhillips,COP,0.0026,Ă‚Â Ă‚Â 126.92,0.9,-0.0070999999999999995
68,Pfizer,PFE,0.0026,Ă‚Â Ă‚Â 26.97,-0.44,-0.0161
69,Boeing,BA,0.0026,Ă‚Â Ă‚Â 195.12,-6.06,-0.0301
70,Uber,UBER,0.0026,Ă‚Â Ă‚Â 73.89,-1.45,-0.0192
71,Deere & Company,DE,0.0026,Ă‚Â Ă‚Â 559.73,-7.85,-0.0138
72,Analog Devices,ADI,0.0026,Ă‚Â Ă‚Â 309.43,-1.01,-0.0033
73,AppLovin Corporation,APP,0.0025,Ă‚Â Ă‚Â 442.39,2.47,-0.005600000000000001
74,BlackRock,BLK,0.0025,Ă‚Â Ă‚Â 957.91,-11.69,-0.0121
75,Lockheed Martin,LMT,0.0025,Ă‚Â Ă‚Â 627.43,-10.08,-0.0158
76,Honeywell,HON,0.0024,Ă‚Â Ă‚Â 221.50,-7.53,-0.0329
77,Union Pacific Corporation,UNP,0.0024,Ă‚Â Ă‚Â 234.92,0.74,-0.0032
78,Qualcomm,QCOM,0.0024,Ă‚Â Ă‚Â 129.90,-1.38,-0.0105
79,Eaton Corporation,ETN,0.0023,Ă‚Â Ă‚Â 356.80,-3.43,-0.0095
80,Booking Holdings,BKNG,0.0023,Ă‚Â Ă‚Â 4324.04,29.75,-0.0069
81,Welltower,WELL,0.0023,Ă‚Â Ă‚Â 195.94,-10.15,-0.0493
82,Danaher Corporation,DHR,0.0023,Ă‚Â Ă‚Â 189.35,-0.76,-0.004
83,Palo Alto Networks,PANW,0.0022,Ă‚Â Ă‚Â 162.95,-6.79,-0.04
84,Stryker Corporation,SYK,0.0022,Ă‚Â Ă‚Â 335.67,-4.09,-0.012
85,S&P Global,SPGI,0.0022,Ă‚Â Ă‚Â 424.43,-1.71,-0.004
86,Lowe's,LOW,0.0021,Ă‚Â Ă‚Â 224.63,-5.08,-0.022099999999999998
87,Intuit,INTU,0.0021,Ă‚Â Ă‚Â 455.56,0.32,-0.0007000000000000001
88,Chubb Limited,CB,0.0021,Ă‚Â Ă‚Â 322.58,-1.06,-0.0033
89,Accenture,ACN,0.0021,Ă‚Â Ă‚Â 199.99,-3.56,-0.0175
90,Progressive Corporation,PGR,0.002,Ă‚Â Ă‚Â 206.00,3.32,-0.016399999999999998
91,Prologis,PLD,0.002,Ă‚Â Ă‚Â 128.01,-3.08,-0.0235
92,Bristol Myers Squibb,BMY,0.002,Ă‚Â Ă‚Â 57.48,-0.63,-0.0108
93,ServiceNow,NOW,0.002,Ă‚Â Ă‚Â 110.38,-2.89,-0.0255
94,Vertex Pharmaceuticals,VRTX,0.002,Ă‚Â Ă‚Â 454.00,-4.05,-0.0088
95,Parker Hannifin,PH,0.0019,Ă‚Â Ă‚Â 894.41,-5.6,-0.0062
96,Capital One,COF,0.0019,Ă‚Â Ă‚Â 181.46,1.73,-0.0096
97,Medtronic,MDT,0.0019,Ă‚Â Ă‚Â 86.16,-0.71,-0.008199999999999999
98,HCA Healthcare,HCA,0.0019,Ă‚Â Ă‚Â 493.88,-5.77,-0.0115
99,CME Group,CME,0.0019,Ă‚Â Ă‚Â 307.32,-3.39,-0.0109
100,McKesson Corporation,MCK,0.0018,Ă‚Â Ă‚Â 885.84,-13.11,-0.0146
101,Altria,MO,0.0018,Ă‚Â Ă‚Â 64.47,-0.6,-0.0092
102,Corning Inc.,GLW,0.0018,Ă‚Â Ă‚Â 124.58,-8.5,-0.0639
103,Starbucks,SBUX,0.0018,Ă‚Â Ă‚Â 92.55,-3.28,-0.0342
104,Sandisk Corporation,SNDK,0.0018,Ă‚Â Ă‚Â 709.71,-62.38,-0.0808
105,Southern Company,SO,0.0018,Ă‚Â Ă‚Â 93.39,-2.84,-0.029500000000000002
106,Comcast,CMCSA,0.0018,Ă‚Â Ă‚Â 29.02,0.04,-0.0014000000000000002
107,Newmont,NEM,0.0018,Ă‚Â Ă‚Â 95.80,-3.4,-0.034300000000000004
108,CrowdStrike,CRWD,0.0018,Ă‚Â Ă‚Â 409.00,-19.18,-0.044800000000000006
109,Boston Scientific,BSX,0.0018,Ă‚Â Ă‚Â 69.48,-0.41,-0.0059
110,Constellation Energy,CEG,0.0017000000000000001,Ă‚Â Ă‚Â 281.99,-34.48,-0.109
111,Dell Technologies,DELL,0.0017000000000000001,Ă‚Â Ă‚Â 157.67,0.91,-0.0058
112,Adobe Inc.,ADBE,0.0017000000000000001,Ă‚Â Ă‚Â 248.15,2.16,-0.0088
113,Northrop Grumman,NOC,0.0017000000000000001,Ă‚Â Ă‚Â 706.95,-7.2,-0.0101
114,Western Digital,WDC,0.0017000000000000001,Ă‚Â Ă‚Â 293.10,-23.83,-0.07519999999999999
115,Duke Energy,DUK,0.0017000000000000001,Ă‚Â Ă‚Â 126.81,-2.93,-0.0226
116,Equinix,EQIX,0.0016,Ă‚Â Ă‚Â 959.16,-15.6,-0.016
117,General Dynamics,GD,0.0016,Ă‚Â Ă‚Â 345.78,-3.85,-0.011000000000000001
118,Waste Management,WM,0.0016,Ă‚Â Ă‚Â 231.24,-2.59,-0.0111
119,Howmet Aerospace,HWM,0.0016,Ă‚Â Ă‚Â 231.21,-1.73,-0.0074
120,Seagate Technology,STX,0.0016,Ă‚Â Ă‚Â 411.23,-23.37,-0.0538
121,CVS Health,CVS,0.0015,Ă‚Â Ă‚Â 71.48,-0.38,-0.0053
122,Trane Technologies,TT,0.0015,Ă‚Â Ă‚Â 410.36,-12.67,-0.03
123,Intercontinental Exchange,ICE,0.0015,Ă‚Â Ă‚Â 158.43,-0.07,-0.0004
124,Williams Companies,WMB,0.0015,Ă‚Â Ă‚Â 72.41,-1.65,-0.0223
125,Blackstone Inc.,BX,0.0015,Ă‚Â Ă‚Â 110.43,-3.04,-0.0268
126,"Marsh & McLennan Companies, Inc.",MRSH,0.0015,Ă‚Â Ă‚Â 176.48,5.57,-0.0326
127,Marriott International,MAR,0.0014000000000000002,Ă‚Â Ă‚Â 319.76,-5.13,-0.0158
128,FedEx,FDX,0.0014000000000000002,Ă‚Â Ă‚Â 358.85,2.74,-0.0077
129,Automatic Data Processing,ADP,0.0014000000000000002,Ă‚Â Ă‚Â 208.69,-1.97,-0.009399999999999999
130,Quanta Services,PWR,0.0014000000000000002,Ă‚Â Ă‚Â 555.39,-22.56,-0.039
131,American Tower,AMT,0.0014000000000000002,Ă‚Â Ă‚Â 176.79,-5.97,-0.0327
132,United Parcel Service,UPS,0.0014000000000000002,Ă‚Â Ă‚Â 95.86,-0.7,-0.0072
133,PNC Financial Services,PNC,0.0014000000000000002,Ă‚Â Ă‚Â 201.71,-0.34,-0.0017000000000000001
134,Synopsys,SNPS,0.0014000000000000002,Ă‚Â Ă‚Â 420.32,-7.93,-0.018500000000000003
135,KKR,KKR,0.0014000000000000002,Ă‚Â Ă‚Â 90.00,-0.6,-0.0066
136,U.S. Bancorp,USB,0.0014000000000000002,Ă‚Â Ă‚Â 51.25,-0.05,-0.001
137,Johnson Controls,JCI,0.0013,Ă‚Â Ă‚Â 129.70,-3.55,-0.026600000000000002
138,BNY Mellon,BK,0.0013,Ă‚Â Ă‚Â 114.94,0.04,-0.0003
139,Cadence Design Systems,CDNS,0.0013,Ă‚Â Ă‚Â 283.90,-3.5,-0.012199999999999999
140,"Nike, Inc.",NKE,0.0013,Ă‚Â Ă‚Â 52.37,-1.07,-0.02
141,Regeneron Pharmaceuticals,REGN,0.0013,Ă‚Â Ă‚Â 732.87,-4.58,-0.0062
142,Moody's Corporation,MCO,0.0013,Ă‚Â Ă‚Â 435.12,-0.68,-0.0016
143,Airbnb,ABNB,0.0013,Ă‚Â Ă‚Â 128.52,-2.27,-0.0174
144,Sherwin-Williams,SHW,0.0013,Ă‚Â Ă‚Â 303.53,-6.85,-0.022099999999999998
145,Motorola Solutions,MSI,0.0013,Ă‚Â Ă‚Â 452.35,-6.81,-0.0148
146,Freeport-McMoRan,FCX,0.0013,Ă‚Â Ă‚Â 52.09,-1.53,-0.0285
147,EOG Resources,EOG,0.0013,Ă‚Â Ă‚Â 138.73,-0.09,-0.0006
148,3M,MMM,0.0013,Ă‚Â Ă‚Â 141.20,-1.51,-0.0106
149,Illinois Tool Works,ITW,0.0013,Ă‚Â Ă‚Â 257.68,-2.94,-0.0113
150,Cummins,CMI,0.0013,Ă‚Â Ă‚Â 533.54,-6.7,-0.0124
151,O'Reilly Auto Parts,ORLY,0.0012,Ă‚Â Ă‚Â 87.30,-0.61,-0.0069
152,Kinder Morgan,KMI,0.0012,Ă‚Â Ă‚Â 32.84,-0.6,-0.0179
153,Ecolab,ECL,0.0012,Ă‚Â Ă‚Â 256.48,-2.22,-0.0086
154,Monster Beverage,MNST,0.0012,Ă‚Â Ă‚Â 73.69,-0.05,-0.0007000000000000001
155,Mondelez International,MDLZ,0.0012,Ă‚Â Ă‚Â 56.21,-0.28,-0.005
156,Emerson Electric,EMR,0.0012,Ă‚Â Ă‚Â 128.15,-1.75,-0.013500000000000002
157,Valero Energy,VLO,0.0012,Ă‚Â Ă‚Â 239.86,-2.21,-0.0091
158,Cintas,CTAS,0.0012,Ă‚Â Ă‚Â 179.34,-2.49,-0.0137
159,Royal Caribbean Group,RCL,0.0012,Ă‚Â Ă‚Â 263.65,-8.35,-0.030699999999999998
160,CSX Corporation,CSX,0.0012,Ă‚Â Ă‚Â 38.17,-0.32,-0.0083
161,Phillips 66,PSX,0.0012,Ă‚Â Ă‚Â 175.47,-2.87,-0.0161
162,Schlumberger,SLB,0.0012,Ă‚Â Ă‚Â 46.63,-1.19,-0.024900000000000002
163,Aon,AON,0.0012,Ă‚Â Ă‚Â 325.63,8.64,-0.0273
164,Cigna,CI,0.0012,Ă‚Â Ă‚Â 262.84,-1.73,-0.006500000000000001
165,Marathon Petroleum,MPC,0.0012,Ă‚Â Ă‚Â 232.53,-3.25,-0.0138
166,Ross Stores,ROST,0.0012,Ă‚Â Ă‚Â 211.19,0.53,-0.0025
167,Colgate-Palmolive,CL,0.0012,Ă‚Â Ă‚Â 85.12,-0.38,-0.0044
168,DoorDash,DASH,0.0012,Ă‚Â Ă‚Â 156.64,-2.62,-0.0165
169,Warner Bros. Discovery,WBD,0.0012,Ă‚Â Ă‚Â 27.42,-0.21,-0.0076
170,American Electric Power,AEP,0.0012,Ă‚Â Ă‚Â 125.66,-3.06,-0.023799999999999998
171,Republic Services,RSG,0.0011,Ă‚Â Ă‚Â 219.30,-3.72,-0.0167
172,CRH plc,CRH,0.0011,Ă‚Â Ă‚Â 100.47,-0.55,-0.0054
173,Hilton Worldwide,HLT,0.0011,Ă‚Â Ă‚Â 292.58,-5.25,-0.0176
174,TransDigm Group,TDG,0.0011,Ă‚Â Ă‚Â 1177.39,-14.55,-0.012199999999999999
175,L3Harris,LHX,0.0011,Ă‚Â Ă‚Â 352.85,-10.85,-0.0298
176,General Motors,GM,0.0011,Ă‚Â Ă‚Â 72.81,-0.98,-0.013300000000000001
177,Apollo Global Management,APO,0.0011,Ă‚Â Ă‚Â 112.00,0.63,-0.005699999999999999
178,Elevance Health,ELV,0.0011,Ă‚Â Ă‚Â 291.48,0.33,-0.0011
179,Travelers Companies (The),TRV,0.0011,Ă‚Â Ă‚Â 296.60,-0.24,-0.0008
180,"Robinhood Markets, Inc.",HOOD,0.0011,Ă‚Â Ă‚Â 70.89,-3.27,-0.0441
181,Cencora,COR,0.0011,Ă‚Â Ă‚Â 326.91,-4.83,-0.0146
182,Norfolk Southern Railway,NSC,0.0011,Ă‚Â Ă‚Â 281.09,2.9,-0.0104
183,Air Products,APD,0.0011,Ă‚Â Ă‚Â 281.01,-3.14,-0.0111
184,Fortinet,FTNT,0.001,Ă‚Â Ă‚Â 81.40,-1.72,-0.0207
185,Simon Property Group,SPG,0.001,Ă‚Â Ă‚Â 184.52,-6.79,-0.0355
186,Sempra,SRE,0.001,Ă‚Â Ă‚Â 91.72,-3.53,-0.0371
187,Occidental Petroleum,OXY,0.001,Ă‚Â Ă‚Â 60.71,1.13,-0.019
188,Baker Hughes,BKR,0.001,Ă‚Â Ă‚Â 60.35,-0.36,-0.0059
189,Digital Realty,DLR,0.001,Ă‚Â Ă‚Â 173.30,-6.55,-0.0364
190,Paccar,PCAR,0.001,Ă‚Â Ă‚Â 111.26,-1.59,-0.0141
191,TE Connectivity,TEL,0.001,Ă‚Â Ă‚Â 195.84,-2.55,-0.0129
192,Realty Income,O,0.001,Ă‚Â Ă‚Â 60.95,-1.69,-0.027000000000000003
193,ONEOK,OKE,0.001,Ă‚Â Ă‚Â 89.21,0.82,-0.009300000000000001
194,Arthur J. Gallagher & Co.,AJG,0.0009,Ă‚Â Ă‚Â 214.82,5.14,-0.0245
195,Aflac,AFL,0.0009,Ă‚Â Ă‚Â 106.22,-0.95,-0.0089
196,Truist Financial,TFC,0.0009,Ă‚Â Ă‚Â 44.16,0.28,-0.0064
197,Ciena Corporation,CIEN,0.0009,Ă‚Â Ă‚Â 383.89,-28.69,-0.0695
198,AutoZone,AZO,0.0009,Ă‚Â Ă‚Â 3282.90,-58.68,-0.0176
199,Diamondback Energy,FANG,0.0009,Ă‚Â Ă‚Â 192.54,2.23,-0.011699999999999999
200,Allstate,ALL,0.0009,Ă‚Â Ă‚Â 205.62,1.55,-0.0076
201,Monolithic Power Systems,MPWR,0.0009,Ă‚Â Ă‚Â 1068.85,-23.84,-0.0218
202,Autodesk,ADSK,0.0009,Ă‚Â Ă‚Â 247.99,0.34,-0.0014000000000000002
203,Dominion Energy,D,0.0009,Ă‚Â Ă‚Â 59.38,-1.64,-0.0269
204,Coinbase Global,COIN,0.0009,Ă‚Â Ă‚Â 197.50,-5.41,-0.026699999999999998
205,Corteva,CTVA,0.0009,Ă‚Â Ă‚Â 77.33,-0.74,-0.0095
206,Target Corporation,TGT,0.0009,Ă‚Â Ă‚Â 113.26,-1.21,-0.0106
207,Targa Resources,TRGP,0.0009,Ă‚Â Ă‚Â 237.41,-2.12,-0.0089
208,Fastenal,FAST,0.0009,Ă‚Â Ă‚Â 43.76,-0.73,-0.016399999999999998
209,Electronic Arts,EA,0.0009,Ă‚Â Ă‚Â 200.51,-0.18,-0.0009
210,W. W. Grainger,GWW,0.0008,Ă‚Â Ă‚Â 1041.95,-1.1,-0.0011
211,Vistra Corp.,VST,0.0008,Ă‚Â Ă‚Â 146.02,-21.35,-0.1276
212,"Nasdaq, Inc.",NDAQ,0.0008,Ă‚Â Ă‚Â 86.34,0.07,-0.0008
213,Cardinal Health,CAH,0.0008,Ă‚Â Ă‚Â 207.83,-3.09,-0.0147
214,Zoetis,ZTS,0.0008,Ă‚Â Ă‚Â 115.67,-0.32,-0.0028000000000000004
215,Carrier Global,CARR,0.0008,Ă‚Â Ă‚Â 58.07,-0.9,-0.015300000000000001
216,NXP Semiconductors,NXPI,0.0008,Ă‚Â Ă‚Â 191.37,-0.98,-0.0051
217,Ametek,AME,0.0008,Ă‚Â Ă‚Â 209.37,-2.13,-0.0101
218,Edwards Lifesciences,EW,0.0008,Ă‚Â Ă‚Â 82.50,0.04,-0.0005
219,Xcel Energy,XEL,0.0008,Ă‚Â Ă‚Â 76.77,-2.76,-0.0347
220,"Comfort Systems USA, Inc.",FIX,0.0008,Ă‚Â Ă‚Â 1356.75,-87.85,-0.0608
221,Keysight Technologies,KEYS,0.0008,Ă‚Â Ă‚Â 277.53,-12.68,-0.0437
222,Exelon,EXC,0.0008,Ă‚Â Ă‚Â 46.44,-1.57,-0.0327
223,Public Storage,PSA,0.0008,Ă‚Â Ă‚Â 265.78,-11.55,-0.0416
224,Idexx Laboratories,IDXX,0.0008,Ă‚Â Ă‚Â 577.26,-2.59,-0.0045000000000000005
225,Ford Motor Company,F,0.0008,Ă‚Â Ă‚Â 11.52,-0.12,-0.0103
226,Teradyne,TER,0.0008,Ă‚Â Ă‚Â 290.83,-11.57,-0.0383
227,Entergy,ETR,0.0008,Ă‚Â Ă‚Â 99.90,-4.04,-0.038900000000000004
228,Kroger,KR,0.0008,Ă‚Â Ă‚Â 73.20,-0.56,-0.0076
229,United Rentals,URI,0.0008,Ă‚Â Ă‚Â 710.47,-9.48,-0.0132
230,Garmin,GRMN,0.0008,Ă‚Â Ă‚Â 232.36,-2.75,-0.011699999999999999
231,MetLife,MET,0.0008,Ă‚Â Ă‚Â 68.56,-0.05,-0.0007000000000000001
232,Datadog,DDOG,0.0008,Ă‚Â Ă‚Â 125.08,-4.86,-0.0374
233,Becton Dickinson,BDX,0.0007000000000000001,Ă‚Â Ă‚Â 154.13,-2.4,-0.015300000000000001
234,Chipotle Mexican Grill,CMG,0.0007000000000000001,Ă‚Â Ă‚Â 33.37,0.43,-0.0131
235,Yum! Brands,YUM,0.0007000000000000001,Ă‚Â Ă‚Â 156.41,0.16,-0.001
236,Hershey Company (The),HSY,0.0007000000000000001,Ă‚Â Ă‚Â 210.14,-0.44,-0.0021
237,Delta Air Lines,DAL,0.0007000000000000001,Ă‚Â Ă‚Â 63.44,-1.57,-0.0242
238,PayPal,PYPL,0.0007000000000000001,Ă‚Â Ă‚Â 44.01,-0.18,-0.0040999999999999995
239,MSCI,MSCI,0.0007000000000000001,Ă‚Â Ă‚Â 552.63,-3.64,-0.006500000000000001
240,EQT Corporation,EQT,0.0007000000000000001,Ă‚Â Ă‚Â 64.67,-0.01,-0.0002
241,Wabtec,WAB,0.0007000000000000001,Ă‚Â Ă‚Â 236.06,-1.08,-0.0046
242,Carvana Co.,CVNA,0.0007000000000000001,Ă‚Â Ă‚Â 281.28,-12.9,-0.043899999999999995
243,Ameriprise Financial,AMP,0.0007000000000000001,Ă‚Â Ă‚Â 438.94,4.88,-0.011200000000000002
244,Fifth Third Bancorp,FITB,0.0007000000000000001,Ă‚Â Ă‚Â 44.19,0.53,-0.0121
245,American International Group,AIG,0.0007000000000000001,Ă‚Â Ă‚Â 74.39,0.5,-0.0068000000000000005
246,Rockwell Automation,ROK,0.0007000000000000001,Ă‚Â Ă‚Â 355.11,-0.62,-0.0017000000000000001
247,Axon Enterprise,AXON,0.0007000000000000001,Ă‚Â Ă‚Â 496.27,-5.91,-0.0118
248,eBay,EBAY,0.0007000000000000001,Ă‚Â Ă‚Â 88.98,-1.76,-0.0194
249,Public Service Enterprise Group,PEG,0.0007000000000000001,Ă‚Â Ă‚Â 79.44,-3.34,-0.0403
250,Consolidated Edison,ED,0.0007000000000000001,Ă‚Â Ă‚Â 109.45,-2.24,-0.020099999999999996
251,Ventas,VTR,0.0007000000000000001,Ă‚Â Ă‚Â 82.50,-3.05,-0.035699999999999996
252,CBRE Group,CBRE,0.0007000000000000001,Ă‚Â Ă‚Â 131.99,-1.22,-0.0092
253,Sysco,SYY,0.0007000000000000001,Ă‚Â Ă‚Â 81.33,-0.34,-0.0042
254,D. R. Horton,DHI,0.0007000000000000001,Ă‚Â Ă‚Â 133.12,-4.86,-0.0352
255,Old Dominion,ODFL,0.0007000000000000001,Ă‚Â Ă‚Â 183.92,1.56,-0.0086
256,PG&E Corporation,PCG,0.0006,Ă‚Â Ă‚Â 17.32,-0.87,-0.0478
257,Take-Two Interactive,TTWO,0.0006,Ă‚Â Ă‚Â 200.63,-1.12,-0.005600000000000001
258,Hartford (The),HIG,0.0006,Ă‚Â Ă‚Â 132.65,1.29,-0.0098
259,WEC Energy Group,WEC,0.0006,Ă‚Â Ă‚Â 112.18,-3.46,-0.029900000000000003
260,Roper Technologies,ROP,0.0006,Ă‚Â Ă‚Â 353.68,0.42,-0.0012
261,Keurig Dr Pepper,KDP,0.0006,Ă‚Â Ă‚Â 26.59,-0.56,-0.0206
262,Nucor,NUE,0.0006,Ă‚Â Ă‚Â 158.58,-3.37,-0.0208
263,Crown Castle,CCI,0.0006,Ă‚Â Ă‚Â 82.36,-2.71,-0.0319
264,Texas Pacific Land Corporation,TPL,0.0006,Ă‚Â Ă‚Â 519.41,-13.11,-0.0246
265,"Block, Inc.",XYZ,0.0006,Ă‚Â Ă‚Â 59.37,0.38,-0.0064
266,Las Vegas Sands,LVS,0.0006,Ă‚Â Ă‚Â 52.93,-1.12,-0.0207
267,Live Nation Entertainment,LYV,0.0006,Ă‚Â Ă‚Â 148.85,-5.34,-0.0346
268,"Workday, Inc.",WDAY,0.0006,Ă‚Â Ă‚Â 135.96,2.58,-0.019299999999999998
269,Microchip Technology,MCHP,0.0006,Ă‚Â Ă‚Â 62.97,-0.32,-0.0051
270,State Street Corporation,STT,0.0006,Ă‚Â Ă‚Â 121.97,1.02,-0.0084
271,Martin Marietta Materials,MLM,0.0006,Ă‚Â Ă‚Â 560.69,-6.78,-0.011899999999999999
272,Vulcan Materials Company,VMC,0.0006,Ă‚Â Ă‚Â 258.40,1.38,-0.0054
273,Carnival,CCL,0.0006,Ă‚Â Ă‚Â 24.12,-0.82,-0.0329
274,Kenvue,KVUE,0.0006,Ă‚Â Ă‚Â 17.40,-0.03,-0.0017000000000000001
275,Paychex,PAYX,0.0006,Ă‚Â Ă‚Â 92.55,0.84,-0.0092
276,ResMed,RMD,0.0006,Ă‚Â Ă‚Â 225.99,-1.42,-0.0062
277,Arch Capital Group,ACGL,0.0006,Ă‚Â Ă‚Â 92.30,0.13,-0.0014000000000000002
278,Kimberly-Clark,KMB,0.0006,Ă‚Â Ă‚Â 98.20,-0.38,-0.0039000000000000003
279,Prudential Financial,PRU,0.0005,Ă‚Â Ă‚Â 93.03,0.52,-0.005600000000000001
280,"EMCOR Group, Inc.",EME,0.0005,Ă‚Â Ă‚Â 724.93,-26.4,-0.0351
281,Ingersoll Rand,IR,0.0005,Ă‚Â Ă‚Â 81.39,-0.77,-0.009399999999999999
282,Archer Daniels Midland,ADM,0.0005,Ă‚Â Ă‚Â 66.17,-2.47,-0.036000000000000004
283,GE HealthCare,GEHC,0.0005,Ă‚Â Ă‚Â 69.65,-0.73,-0.0104
284,Copart,CPRT,0.0005,Ă‚Â Ă‚Â 32.86,0.34,-0.0105
285,Agilent Technologies,A,0.0005,Ă‚Â Ă‚Â 111.30,-0.45,-0.004
286,EstĂƒÂ©e Lauder Companies (The),EL,0.0005,Ă‚Â Ă‚Â 85.92,0.32,-0.0037
287,NRG Energy,NRG,0.0005,Ă‚Â Ă‚Â 145.80,-15.6,-0.0967
288,Otis Worldwide,OTIS,0.0005,Ă‚Â Ă‚Â 79.54,-0.69,-0.0086
289,Huntington Bancshares,HBAN,0.0005,Ă‚Â Ă‚Â 15.09,-0.08,-0.0053
290,Halliburton,HAL,0.0005,Ă‚Â Ă‚Â 36.53,-0.4,-0.0108
291,"Fiserv, Inc.",FISV,0.0005,Ă‚Â Ă‚Â 57.07,0.05,-0.0009
292,Devon Energy,DVN,0.0005,Ă‚Â Ă‚Â 48.66,-0.13,-0.0027
293,Atmos Energy,ATO,0.0005,Ă‚Â Ă‚Â 180.49,-4.41,-0.0239
294,Cboe Global Markets,CBOE,0.0005,Ă‚Â Ă‚Â 283.95,-0.46,-0.0016
295,Cognizant,CTSH,0.0005,Ă‚Â Ă‚Â 62.07,0.52,-0.0084
296,Iron Mountain,IRM,0.0005,Ă‚Â Ă‚Â 99.61,-5.33,-0.0508
297,DTE Energy,DTE,0.0005,Ă‚Â Ă‚Â 141.57,-5.57,-0.0379
298,M&T Bank,MTB,0.0005,Ă‚Â Ă‚Â 198.15,1.91,-0.0097
299,Waters Corporation,WAT,0.0005,Ă‚Â Ă‚Â 298.99,-0.58,-0.0019
300,Ameren,AEE,0.0005,Ă‚Â Ă‚Â 106.06,-3.5,-0.0319
301,Xylem Inc.,XYL,0.0005,Ă‚Â Ă‚Â 120.44,-0.06,-0.0005
302,Interactive Brokers Group,IBKR,0.0005,Ă‚Â Ă‚Â 65.47,-2.22,-0.032799999999999996
303,United Airlines Holdings,UAL,0.0005,Ă‚Â Ă‚Â 89.95,-4.2,-0.0446
304,Expedia Group,EXPE,0.0005,Ă‚Â Ă‚Â 235.18,-4.23,-0.0177
305,Hewlett Packard Enterprise,HPE,0.0005,Ă‚Â Ă‚Â 21.69,-0.43,-0.0194
306,Vici Properties,VICI,0.0005,Ă‚Â Ă‚Â 26.83,-1.15,-0.041100000000000005
307,Teledyne Technologies,TDY,0.0005,Ă‚Â Ă‚Â 616.18,-18.93,-0.0298
308,"Tapestry, Inc.",TPR,0.0005,Ă‚Â Ă‚Â 140.88,-1.92,-0.0134
309,Raymond James Financial,RJF,0.0005,Ă‚Â Ă‚Â 143.81,0.94,-0.0066
310,Dover Corporation,DOV,0.0005,Ă‚Â Ă‚Â 209.37,-2.12,-0.01
311,FirstEnergy,FE,0.0005,Ă‚Â Ă‚Â 48.54,-1.15,-0.0231
312,IQVIA,IQV,0.0005,Ă‚Â Ă‚Â 166.07,-0.4,-0.0024
313,Verisk Analytics,VRSK,0.0005,Ă‚Â Ă‚Â 201.75,0.06,-0.0003
314,Willis Towers Watson,WTW,0.0005,Ă‚Â Ă‚Â 291.25,4.03,-0.013999999999999999
315,Extra Space Storage,EXR,0.0005,Ă‚Â Ă‚Â 130.26,-5.73,-0.0421
316,CenterPoint Energy,CNP,0.0005,Ă‚Â Ă‚Â 42.02,-1.23,-0.028399999999999998
317,PPL Corporation,PPL,0.0005,Ă‚Â Ă‚Â 36.55,-1.1,-0.0292
318,Dollar General,DG,0.0005,Ă‚Â Ă‚Â 124.52,1.07,-0.0087
319,Edison International,EIX,0.0005,Ă‚Â Ă‚Â 69.75,-2.14,-0.0298
320,Jabil,JBL,0.0005,Ă‚Â Ă‚Â 253.63,-11.68,-0.044000000000000004
321,Fair Isaac,FICO,0.0005,Ă‚Â Ă‚Â 1127.62,14.46,-0.013000000000000001
322,Biogen,BIIB,0.0005,Ă‚Â Ă‚Â 181.46,-1.95,-0.0106
323,Charter Communications,CHTR,0.0005,Ă‚Â Ă‚Â 213.01,1.38,-0.006500000000000001
324,American Water Works,AWK,0.0004,Ă‚Â Ă‚Â 135.79,-1.31,-0.0096
325,Dow Inc.,DOW,0.0004,Ă‚Â Ă‚Â 36.65,-0.84,-0.022400000000000003
326,Constellation Brands,STZ,0.0004,Ă‚Â Ă‚Â 149.62,-2.29,-0.0151
327,Expand Energy,EXE,0.0004,Ă‚Â Ă‚Â 107.32,-0.63,-0.0058
328,Coterra,CTRA,0.0004,Ă‚Â Ă‚Â 33.97,0.07,-0.0021
329,Dexcom,DXCM,0.0004,Ă‚Â Ă‚Â 66.95,-0.32,-0.0048
330,"Rollins, Inc.",ROL,0.0004,Ă‚Â Ă‚Â 53.26,-0.83,-0.015300000000000001
331,Fidelity National Information Services,FIS,0.0004,Ă‚Â Ă‚Â 49.79,0.53,-0.0108
332,Kraft Heinz,KHC,0.0004,Ă‚Â Ă‚Â 21.57,-0.19,-0.0087
333,Hubbell Incorporated,HUBB,0.0004,Ă‚Â Ă‚Â 475.74,-16.91,-0.034300000000000004
334,Northern Trust,NTRS,0.0004,Ă‚Â Ă‚Â 135.74,-0.04,-0.0003
335,Eversource Energy,ES,0.0004,Ă‚Â Ă‚Â 66.67,-2.95,-0.0424
336,Cincinnati Financial,CINF,0.0004,Ă‚Â Ă‚Â 158.43,0.57,-0.0036
337,W. R. Berkley Corporation,WRB,0.0004,Ă‚Â Ă‚Â 65.74,-0.48,-0.0072
338,Mettler Toledo,MTD,0.0004,Ă‚Â Ă‚Â 1204.48,13.99,-0.0118
339,Citizens Financial Group,CFG,0.0004,Ă‚Â Ă‚Â 57.02,-0.03,-0.0005
340,Tractor Supply,TSCO,0.0004,Ă‚Â Ă‚Â 45.77,-0.41,-0.0089
341,Ares Management Corporation,ARES,0.0004,Ă‚Â Ă‚Â 105.87,-2.12,-0.0196
342,Steel Dynamics,STLD,0.0004,Ă‚Â Ă‚Â 163.95,-3.61,-0.0215
343,LyondellBasell,LYB,0.0004,Ă‚Â Ă‚Â 73.32,-1.25,-0.0168
344,Ulta Beauty,ULTA,0.0004,Ă‚Â Ă‚Â 529.97,-4.13,-0.0077
345,Darden Restaurants,DRI,0.0004,Ă‚Â Ă‚Â 203.05,-1.37,-0.0067
346,ON Semiconductor,ON,0.0004,Ă‚Â Ă‚Â 59.26,-0.03,-0.0005
347,Omnicom Group,OMC,0.0004,Ă‚Â Ă‚Â 75.06,-0.78,-0.0103
348,Synchrony Financial,SYF,0.0004,Ă‚Â Ă‚Â 66.19,0.68,-0.0104
349,Bunge Global,BG,0.0004,Ă‚Â Ă‚Â 118.15,-3.89,-0.0319
350,Brown & Brown,BRO,0.0004,Ă‚Â Ă‚Â 67.05,0.49,-0.0074
351,CMS Energy,CMS,0.0004,Ă‚Â Ă‚Â 74.42,-3.03,-0.0391
352,AvalonBay Communities,AVB,0.0004,Ă‚Â Ă‚Â 161.37,-3.87,-0.023399999999999997
353,Qnity Electronics,Q,0.0004,Ă‚Â Ă‚Â 107.59,-4.35,-0.038900000000000004
354,Lennar,LEN,0.0004,Ă‚Â Ă‚Â 90.55,-3.17,-0.0338
355,Church & Dwight,CHD,0.0004,Ă‚Â Ă‚Â 94.69,0.11,-0.0012
356,Verisign,VRSN,0.0004,Ă‚Â Ă‚Â 240.78,1.13,-0.004699999999999999
357,Veralto,VLTO,0.0004,Ă‚Â Ă‚Â 88.63,-1.03,-0.0115
358,PulteGroup,PHM,0.0004,Ă‚Â Ă‚Â 114.55,-3.3,-0.027999999999999997
359,Regions Financial Corporation,RF,0.0004,Ă‚Â Ă‚Â 25.36,0.15,-0.006
360,Equity Residential,EQR,0.0004,Ă‚Â Ă‚Â 57.98,-1.33,-0.022400000000000003
361,Loews Corporation,L,0.0004,Ă‚Â Ă‚Â 105.60,-0.05,-0.0005
362,PPG Industries,PPG,0.0004,Ă‚Â Ă‚Â 97.22,-1.16,-0.0118
363,LabCorp,LH,0.0004,Ă‚Â Ă‚Â 263.00,-1.09,-0.0040999999999999995
364,Steris,STE,0.0004,Ă‚Â Ă‚Â 220.03,2.11,-0.0097
365,NiSource,NI,0.0004,Ă‚Â Ă‚Â 45.02,-1.67,-0.0358
366,Quest Diagnostics,DGX,0.0004,Ă‚Â Ă‚Â 195.26,1.1,-0.005699999999999999
367,Equifax,EFX,0.0004,Ă‚Â Ă‚Â 178.02,-3.48,-0.0192
368,Williams-Sonoma,WSM,0.0004,Ă‚Â Ă‚Â 178.42,-4.16,-0.022799999999999997
369,KeyCorp,KEY,0.0004,Ă‚Â Ă‚Â 19.41,0.13,-0.0067
370,Leidos,LDOS,0.0004,Ă‚Â Ă‚Â 165.87,-0.08,-0.0005
371,Dollar Tree,DLTR,0.0004,Ă‚Â Ă‚Â 105.92,0.36,-0.0034000000000000002
372,First Solar,FSLR,0.0004,Ă‚Â Ă‚Â 192.82,-6.83,-0.0342
373,Tyson Foods,TSN,0.0003,Ă‚Â Ă‚Â 58.18,-0.94,-0.0159
374,Humana,HUM,0.0003,Ă‚Â Ă‚Â 169.90,3.45,-0.0207
375,Broadridge Financial Solutions,BR,0.0003,Ă‚Â Ă‚Â 174.36,-0.02,-0.0001
376,Moderna,MRNA,0.0003,Ă‚Â Ă‚Â 51.38,-0.99,-0.0189
377,C.H. Robinson,CHRW,0.0003,Ă‚Â Ă‚Â 168.88,-5.93,-0.0339
378,Ralph Lauren Corporation,RL,0.0003,Ă‚Â Ă‚Â 329.87,-10.34,-0.0304
379,NetApp,NTAP,0.0003,Ă‚Â Ă‚Â 101.11,-1.98,-0.0192
380,General Mills,GIS,0.0003,Ă‚Â Ă‚Â 37.01,-0.49,-0.0131
381,Corpay,CPAY,0.0003,Ă‚Â Ă‚Â 287.46,3.08,-0.0108
382,Expeditors International,EXPD,0.0003,Ă‚Â Ă‚Â 146.35,-0.89,-0.006
383,Southwest Airlines,LUV,0.0003,Ă‚Â Ă‚Â 39.41,-1.46,-0.035699999999999996
384,CF Industries,CF,0.0003,Ă‚Â Ă‚Â 124.90,-0.66,-0.0053
385,Global Payments,GPN,0.0003,Ă‚Â Ă‚Â 68.50,0.32,-0.004699999999999999
386,Lululemon Athletica,LULU,0.0003,Ă‚Â Ă‚Â 162.82,-2.75,-0.0166
387,Smurfit WestRock,SW,0.0003,Ă‚Â Ă‚Â 36.21,-0.72,-0.0195
388,J.B. Hunt,JBHT,0.0003,Ă‚Â Ă‚Â 199.93,-0.27,-0.0013
389,T. Rowe Price,TROW,0.0003,Ă‚Â Ă‚Â 86.19,-0.9,-0.0103
390,Snap-on,SNA,0.0003,Ă‚Â Ă‚Â 356.90,-3.87,-0.010700000000000001
391,Albemarle Corporation,ALB,0.0003,Ă‚Â Ă‚Â 156.70,-6.56,-0.04019999999999999
392,Principal Financial Group,PFG,0.0003,Ă‚Â Ă‚Â 85.07,-0.83,-0.0097
393,SBA Communications,SBAC,0.0003,Ă‚Â Ă‚Â 174.15,-8.13,-0.0446
394,Evergy,EVRG,0.0003,Ă‚Â Ă‚Â 78.70,-2.36,-0.0291
395,Packaging Corporation of America,PKG,0.0003,Ă‚Â Ă‚Â 202.73,-1.66,-0.008100000000000001
396,Incyte,INCY,0.0003,Ă‚Â Ă‚Â 90.78,-2.17,-0.0233
397,CoStar Group,CSGP,0.0003,Ă‚Â Ă‚Â 42.90,0.08,-0.0019
398,International Paper,IP,0.0003,Ă‚Â Ă‚Â 33.76,-0.24,-0.0070999999999999995
399,PTC Inc.,PTC,0.0003,Ă‚Â Ă‚Â 149.81,-0.86,-0.005699999999999999
400,"NVR, Inc.",NVR,0.0003,Ă‚Â Ă‚Â 6369.38,-48.52,-0.0076
401,Amcor,AMCR,0.0003,Ă‚Â Ă‚Â 38.28,-0.41,-0.0106
402,Alliant Energy,LNT,0.0003,Ă‚Â Ă‚Â 68.71,-2.61,-0.0366
403,DuPont,DD,0.0003,Ă‚Â Ă‚Â 42.44,-1.08,-0.0248
404,Zimmer Biomet,ZBH,0.0003,Ă‚Â Ă‚Â 87.87,-1.97,-0.0219
405,West Pharmaceutical Services,WST,0.0003,Ă‚Â Ă‚Â 237.03,-3.3,-0.0137
406,International Flavors & Fragrances,IFF,0.0003,Ă‚Â Ă‚Â 66.62,-1.51,-0.0222
407,Fortive,FTV,0.0003,Ă‚Â Ă‚Â 55.22,-0.33,-0.0059
408,Centene Corporation,CNC,0.0003,Ă‚Â Ă‚Â 34.40,-1.17,-0.0329
409,Hologic,HOLX,0.0003,Ă‚Â Ă‚Â 75.41,0.08,-0.0011
410,HP Inc.,HPQ,0.0003,Ă‚Â Ă‚Â 18.27,-0.21,-0.011399999999999999
411,Lennox International,LII,0.0003,Ă‚Â Ă‚Â 467.88,-9.33,-0.0196
412,Weyerhaeuser,WY,0.0003,Ă‚Â Ă‚Â 22.47,-0.49,-0.0213
413,"F5, Inc.",FFIV,0.0003,Ă‚Â Ă‚Â 284.28,-6.02,-0.0207
414,Huntington Ingalls Industries,HII,0.0003,Ă‚Â Ă‚Â 407.98,-10.44,-0.025
415,Akamai Technologies,AKAM,0.0003,Ă‚Â Ă‚Â 110.48,0.48,-0.0044
416,Insulet Corporation,PODD,0.0003,Ă‚Â Ă‚Â 227.10,-1.53,-0.0067
417,CDW,CDW,0.0003,Ă‚Â Ă‚Â 120.27,0.62,-0.0052
418,Essex Property Trust,ESS,0.0003,Ă‚Â Ă‚Â 240.19,-6.09,-0.024700000000000003
419,Textron,TXT,0.0003,Ă‚Â Ă‚Â 88.77,0.08,-0.0009
420,Trimble Inc.,TRMB,0.0003,Ă‚Â Ă‚Â 65.71,-0.97,-0.014499999999999999
421,Viatris,VTRS,0.0003,Ă‚Â Ă‚Â 13.20,-0.3,-0.0222
422,Ball Corporation,BALL,0.0003,Ă‚Â Ă‚Â 57.06,-1.93,-0.0327
423,Jacobs Solutions,J,0.0003,Ă‚Â Ă‚Â 128.44,0.42,-0.0033
424,Kimco Realty,KIM,0.0003,Ă‚Â Ă‚Â 22.34,-0.75,-0.0325
425,Tyler Technologies,TYL,0.0003,Ă‚Â Ă‚Â 350.20,0.13,-0.0004
426,Invitation Homes,INVH,0.0003,Ă‚Â Ă‚Â 24.39,-0.61,-0.024399999999999998
427,TKO Group Holdings,TKO,0.0002,Ă‚Â Ă‚Â 188.38,-8.93,-0.0453
428,Nordson Corporation,NDSN,0.0002,Ă‚Â Ă‚Â 262.73,-4.48,-0.0168
429,Aptiv,APTV,0.0002,Ă‚Â Ă‚Â 68.10,-1.07,-0.0155
430,McCormick & Company,MKC,0.0002,Ă‚Â Ă‚Â 53.23,-0.82,-0.0152
431,Deckers Brands,DECK,0.0002,Ă‚Â Ă‚Â 100.43,-4.48,-0.042699999999999995
432,Mid-America Apartment Communities,MAA,0.0002,Ă‚Â Ă‚Â 121.79,-2.72,-0.0218
433,Pentair,PNR,0.0002,Ă‚Â Ă‚Â 86.49,-2.0,-0.0226
434,APA Corporation,APA,0.0002,Ă‚Â Ă‚Â 39.11,1.05,-0.0276
435,Regency Centers,REG,0.0002,Ă‚Â Ă‚Â 74.87,-1.82,-0.023700000000000002
436,IDEX Corporation,IEX,0.0002,Ă‚Â Ă‚Â 184.11,-3.27,-0.0175
437,Cooper Companies (The),COO,0.0002,Ă‚Â Ă‚Â 69.96,-0.75,-0.0106
438,Genuine Parts Company,GPC,0.0002,Ă‚Â Ă‚Â 96.38,-2.71,-0.0273
439,Best Buy,BBY,0.0002,Ă‚Â Ă‚Â 62.80,-1.39,-0.0217
440,Clorox,CLX,0.0002,Ă‚Â Ă‚Â 106.15,-0.47,-0.0044
441,Hasbro,HAS,0.0002,Ă‚Â Ă‚Â 91.11,-0.25,-0.0027
442,Host Hotels & Resorts,HST,0.0002,Ă‚Â Ă‚Â 18.60,-0.5,-0.0262
443,Everest Group,EG,0.0002,Ă‚Â Ă‚Â 316.02,0.06,-0.0002
444,Gen Digital,GEN,0.0002,Ă‚Â Ă‚Â 20.97,0.41,-0.0199
445,Erie Indemnity,ERIE,0.0002,Ă‚Â Ă‚Â 240.37,-0.56,-0.0023
446,Domino's,DPZ,0.0002,Ă‚Â Ă‚Â 373.35,-1.95,-0.0052
447,Avery Dennison,AVY,0.0002,Ă‚Â Ă‚Â 161.16,-1.83,-0.011200000000000002
448,Align Technology,ALGN,0.0002,Ă‚Â Ă‚Â 173.18,-3.07,-0.0174
449,Supermicro,SMCI,0.0002,Ă‚Â Ă‚Â 20.53,-10.26,-0.3332
450,Allegion,ALLE,0.0002,Ă‚Â Ă‚Â 142.49,-1.34,-0.009300000000000001
451,Franklin Resources,BEN,0.0002,Ă‚Â Ă‚Â 23.46,-0.41,-0.0172
452,Hormel Foods,HRL,0.0002,Ă‚Â Ă‚Â 22.14,-0.23,-0.0103
453,Masco,MAS,0.0002,Ă‚Â Ă‚Â 58.84,-0.88,-0.0147
454,Jack Henry & Associates,JKHY,0.0002,Ă‚Â Ă‚Â 165.38,0.95,-0.0058
455,Healthpeak Properties,DOC,0.0002,Ă‚Â Ă‚Â 17.05,-0.68,-0.0384
456,Pinnacle West,PNW,0.0002,Ă‚Â Ă‚Â 97.27,-2.8,-0.027999999999999997
457,Fox Corporation (Class B),FOX,0.0002,Ă‚Â Ă‚Â 52.18,0.16,-0.0031
458,Generac,GNRC,0.0002,Ă‚Â Ă‚Â 199.31,-1.54,-0.0077
459,Fox Corporation (Class A),FOXA,0.0002,Ă‚Â Ă‚Â 57.82,0.14,-0.0024
460,"The Trade Desk, Inc.",TTD,0.0002,Ă‚Â Ă‚Â 24.11,0.6,-0.0255
461,Solventum,SOLV,0.0002,Ă‚Â Ă‚Â 65.78,-1.36,-0.0203
462,Gartner,IT,0.0002,Ă‚Â Ă‚Â 161.41,2.15,-0.013500000000000002
463,Universal Health Services,UHS,0.0002,Ă‚Â Ă‚Â 185.82,-1.4,-0.0075
464,GoDaddy,GDDY,0.0002,Ă‚Â Ă‚Â 84.89,1.23,-0.0147
465,"UDR, Inc.",UDR,0.0002,Ă‚Â Ă‚Â 34.11,-1.13,-0.0321
466,Globe Life,GL,0.0002,Ă‚Â Ă‚Â 136.80,-0.91,-0.0066
467,J.M. Smucker Company (The),SJM,0.0002,Ă‚Â Ă‚Â 99.37,-1.04,-0.0104
468,Assurant,AIZ,0.0002,Ă‚Â Ă‚Â 212.81,0.95,-0.0045000000000000005
469,BrownĂ¢Â€Â“Forman,BF-B,0.0002,Ă‚Â Ă‚Â 22.80,-0.51,-0.0219
470,Stanley Black & Decker,SWK,0.0002,Ă‚Â Ă‚Â 67.28,-1.77,-0.0256
471,Wynn Resorts,WYNN,0.0002,Ă‚Â Ă‚Â 99.98,-3.18,-0.0308
472,Invesco,IVZ,0.0002,Ă‚Â Ă‚Â 23.21,-0.1,-0.0043
473,Paramount Skydance Corp,PSKY,0.0002,Ă‚Â Ă‚Â 9.15,0.19,-0.0212
474,Camden Property Trust,CPT,0.0002,Ă‚Â Ă‚Â 97.36,-2.32,-0.0233
475,AES Corporation,AES,0.0002,Ă‚Â Ă‚Â 14.10,-0.05,-0.0034999999999999996
476,Zebra Technologies,ZBRA,0.0002,Ă‚Â Ă‚Â 203.62,-2.57,-0.0125
477,DaVita,DVA,0.0002,Ă‚Â Ă‚Â 149.31,-0.45,-0.003
478,Revvity,RVTY,0.0002,Ă‚Â Ă‚Â 85.94,0.18,-0.0021
479,MGM Resorts,MGM,0.0002,Ă‚Â Ă‚Â 35.37,-1.77,-0.04769999999999999
480,Builders FirstSource,BLDR,0.0002,Ă‚Â Ă‚Â 81.22,-3.27,-0.0387
481,Federal Realty Investment Trust,FRT,0.0002,Ă‚Â Ă‚Â 103.15,-3.14,-0.029500000000000002
482,A. O. Smith,AOS,0.0002,Ă‚Â Ă‚Â 64.09,-0.45,-0.006999999999999999
483,News Corp (Class A),NWSA,0.0002,Ă‚Â Ă‚Â 24.05,0.12,-0.005
484,Norwegian Cruise Line Holdings,NCLH,0.0001,Ă‚Â Ă‚Â 18.95,-0.69,-0.0351
485,Baxter International,BAX,0.0001,Ă‚Â Ă‚Â 16.15,-0.51,-0.030600000000000002
486,Henry Schein,HSIC,0.0001,Ă‚Â Ă‚Â 72.29,-0.39,-0.0054
487,"BXP, Inc.",BXP,0.0001,Ă‚Â Ă‚Â 52.08,-1.33,-0.024900000000000002
488,Alexandria Real Estate Equities,ARE,0.0001,Ă‚Â Ă‚Â 47.39,-2.13,-0.043
489,Skyworks Solutions,SWKS,0.0001,Ă‚Â Ă‚Â 54.44,0.32,-0.0059
490,Bio-Techne,TECH,0.0001,Ă‚Â Ă‚Â 51.48,-0.11,-0.0021
491,Molson Coors Beverage Company,TAP,0.0001,Ă‚Â Ă‚Â 41.40,-0.88,-0.0208
492,FactSet,FDS,0.0001,Ă‚Â Ă‚Â 209.27,0.43,-0.0021
493,Charles River Laboratories,CRL,0.0001,Ă‚Â Ă‚Â 153.60,0.55,-0.0036
494,Mosaic Company (The),MOS,0.0001,Ă‚Â Ă‚Â 23.59,-2.61,-0.09960000000000001
495,EPAM Systems,EPAM,0.0001,Ă‚Â Ă‚Â 137.43,1.76,-0.013000000000000001
496,Pool Corporation,POOL,0.0001,Ă‚Â Ă‚Â 200.34,-4.02,-0.0197
497,Conagra Brands,CAG,0.0001,Ă‚Â Ă‚Â 15.16,-0.24,-0.015600000000000001
498,Match Group,MTCH,0.0001,Ă‚Â Ă‚Â 31.06,-0.41,-0.013000000000000001
499,Molina Healthcare,MOH,0.0001,Ă‚Â Ă‚Â 139.41,-2.8,-0.0197
500,Paycom,PAYC,0.0001,Ă‚Â Ă‚Â 124.82,0.67,-0.0054
501,Campbell Soup Company,CPB,0.0001,Ă‚Â Ă‚Â 21.07,0.04,-0.0019
502,Lamb Weston,LW,0.0001,Ă‚Â Ă‚Â 40.00,-0.64,-0.015700000000000002
503,News Corp (Class B),NWS,0.0001,Ă‚Â Ă‚Â 27.39,0.15,-0.0055000000000000005
